design_id,design_role,temperature_K,pressure_bar,residence_time_ms,equivalence_ratio,cracking_ratio,psr_fraction,heat_loss_W_per_K,mechanism_count,NOx_NO2eq_g_per_MJ_median,NOx_NO2eq_g_per_MJ_p05,NOx_NO2eq_g_per_MJ_p95,NOx_NO2eq_g_per_MJ_worst,NOx_NO2eq_g_per_MJ_absolute_range,NOx_NO2eq_g_per_MJ_relative_range,N2O_g_per_MJ_median,N2O_g_per_MJ_p05,N2O_g_per_MJ_p95,N2O_g_per_MJ_worst,N2O_g_per_MJ_absolute_range,N2O_g_per_MJ_relative_range,NH3_slip_g_per_MJ_median,NH3_slip_g_per_MJ_p05,NH3_slip_g_per_MJ_p95,NH3_slip_g_per_MJ_worst,NH3_slip_g_per_MJ_absolute_range,NH3_slip_g_per_MJ_relative_range,complete_mechanism_set,emissions_only_robust_pareto,NOx_relative_change_percent,N2O_relative_change_percent,NH3 slip_relative_change_percent
reactor_0041,primary_map,750,20,20,1.0,0.3,0.5,0.0,8,1.3122310624742377,0.9023682897882384,1.3583164092937994,1.3649522444745463,0.6652812495840041,0.4874025829673707,0.0002693968494937,0.0002221918661449,0.0002829316688338,0.0002845694029372,6.243452373230003e-05,0.2193999885014987,2.912954344235511e-05,2.070379736981822e-05,2.9728763771126497e-05,2.981183634997661e-05,9.4315777646819e-06,0.3163702381148117,True,False,0.0,0.0,0.0
reactor_0203,thermal_residence_sensitivity,750,20,20,1.0,0.3,0.5,0.5,8,1.3008589543242688,0.892526362806032,1.34755250106572,1.3559203089292542,0.6635350373940613,0.489361382836756,0.0002655497642861,0.0002190005098822,0.0002788737776198,0.0002804712568713,6.153082235920001e-05,0.2193837010094574,2.8749981398962268e-05,2.0411632047563743e-05,2.9404070513985725e-05,2.9493246126390743e-05,9.408832584459064e-06,0.319016514633158,True,False,-0.8666239106188023,-1.4280364506229715,-1.3030140487576225
reactor_0204,thermal_residence_sensitivity,750,20,20,1.0,0.3,0.5,2.0,8,1.270276656195824,0.8650419503717411,1.3186421370813226,1.3319305029831805,0.6596279688997234,0.4952420320897577,0.0002542675041741,0.0002096033199208,0.0002669445662395,0.0002684202531923,5.888844548889997e-05,0.2193889797380955,2.7676068663278944e-05,1.9576017706638e-05,2.850704154667964e-05,2.862463415615422e-05,9.3914420296421e-06,0.3280895042504138,True,False,-3.1971813103789604,-5.6160067751474525,-4.989692962241133
